{
	"version": "0.2.0",
	"configurations": [
		{
			"type": "tcf-debug",
			"request": "launch",
			"name": "versal_app_app_hw_1",
			"debugType": "baremetal-versal",
			"attachToRunningTargetOptions": {
				"targetSetupMode": "standalone",
				"executeScript": true,
				"scriptPath": ""
			},
			"autoAttachProcessChildren": false,
			"target": {
				"targetConnectionId": "Local",
				"peersIniPath": "../../_ide/.peers.ini",
				"context": "Versal"
			},
			"pathMap": [],
			"targetSetup": {
				"resetSystem": true,
				"programDevice": true,
				"enableRPUSplitMode": false,
				"pdiFile": "/media/data_hdd/Adam_GSTP/adam_versal/Alinx_lcd/Alinx_lcd.runs/impl_1/versal_base_wrapper.pdi",
				"supportsSegPdi": false,
				"downloadElf": [
					{
						"core": "psv_cortexa72_0",
						"resetProcessor": true,
						"elfFile": "${workspaceFolder}/versal_app/build/versal_app.elf",
						"stopAtEntry": false
					}
				],
				"crossTriggerBreakpoints": {
					"isSelected": false,
					"breakpoints": []
				}
			},
			"internalConsoleOptions": "openOnSessionStart"
		}
	]
}