{
  "name": "versal_base",
  "type": "PLATFORM",
  "configuration": {
    "description": "",
    "xsa": "/media/data_hdd/Adam_GSTP/adam_versal/Alinx_lcd/versal_base_wrapper.xsa",
    "xsaPathInPlatform": "versal_base/hw/versal_base_wrapper.xsa",
    "emulationXsa": "",
    "emulationXsaPathInPlatform": "",
    "isCustomFSBL": false,
    "fsblPath": "",
    "pmufwElf": "",
    "flow": "EMBEDDED",
    "processorsMap": {
      "psv_cortexa72_0": "psv_cortexa72",
      "psv_cortexa72_1": "psv_cortexa72",
      "psv_cortexr5_0": "psv_cortexr5",
      "psv_cortexr5_1": "psv_cortexr5",
      "psv_pmc_0": "psv_pmc",
      "psv_psm_0": "psv_psm"
    },
    "supportedFamily": "versal",
    "stdGenHookList": [
      {
        "key": "VITIS_SDT_REPO",
        "value": ""
      },
      {
        "key": "VITIS_SDT_BOARD_DTS",
        "value": ""
      },
      {
        "key": "VITIS_SDT_INCLUDE_DTS",
        "value": ""
      }
    ],
    "componentType": "PLATFORM",
    "domains": [
      {
        "name": "standalone_psv_cortexa72_0",
        "displayName": "standalone_psv_cortexa72_0",
        "processor": "psv_cortexa72_0",
        "cpuType": "cortex-a72",
        "cpuInstance": "psv_cortexa72_0",
        "os": "standalone",
        "appTemplate": "empty_application",
        "isBootDomain": false,
        "qemuData": "resources/standalone_psv_cortexa72_0/qemu",
        "qemuArgsFile": "resources/standalone_psv_cortexa72_0/qemu/qemu_args.txt",
        "pmcQemuArgsFile": "resources/standalone_psv_cortexa72_0/qemu/pmc_args.txt",
        "isBSPGenReq": false
      }
    ],
    "emptyToolchainConfiguration": []
  }
}